{
	"users": {
		"101617208": {
			"alevel": 0,
			"bban": false,
			"bwarn": 0
		},
		"196070932": {
			"alevel": 0,
			"bban": false,
			"bwarn": 0
		},
		"230492153": {
			"alevel": 0,
			"bban": false,
			"bwarn": 0
		},
		"246873309": {
			"alevel": 0,
			"bban": false,
			"bwarn": 0
		},
		"250580204": {
			"alevel": 0,
			"bban": false,
			"bwarn": 0
		},
		"261493266": {
			"alevel": 0,
			"bban": false,
			"bwarn": 0
		},
		"261894423": {
			"alevel": 0,
			"bban": false,
			"bwarn": 0
		},
		"272195642": {
			"alevel": 0,
			"bban": false,
			"bwarn": 0
		},
		"276747716": {
			"alevel": 0,
			"bban": false,
			"bwarn": 1
		},
		"278877039": {
			"alevel": 0,
			"bban": false,
			"bwarn": 0
		},
		"287908009": {
			"alevel": 0,
			"bban": false,
			"bwarn": 0
		},
		"288446119": {
			"alevel": 0,
			"bban": false,
			"bwarn": 0
		},
		"290479276": {
			"alevel": 0,
			"bban": false,
			"bwarn": 0
		},
		"291397002": {
			"alevel": 0,
			"bban": false,
			"bwarn": 0
		},
		"299365962": {
			"alevel": 0,
			"bban": false,
			"bwarn": 0
		},
		"301997978": {
			"alevel": 0,
			"bban": false,
			"bwarn": 0
		},
		"308242492": {
			"alevel": 0,
			"bban": false,
			"bwarn": 0
		},
		"333074206": {
			"alevel": 0,
			"bban": false,
			"bwarn": 0
		},
		"340259756": {
			"alevel": 0,
			"bban": false,
			"bwarn": 0
		},
		"344788516": {
			"alevel": 0,
			"bban": false,
			"bwarn": 1
		},
		"345544684": {
			"alevel": 0,
			"bban": false,
			"bwarn": 0
		},
		"369331936": {
			"alevel": 1,
			"bban": false,
			"bwarn": 0
		},
		"369468809": {
			"alevel": 0,
			"bban": false,
			"bwarn": 0
		},
		"372659606": {
			"alevel": 0,
			"bban": false,
			"bwarn": 0
		},
		"396685823": {
			"alevel": 0,
			"bban": false,
			"bwarn": 0
		},
		"404361470": {
			"alevel": 0,
			"bban": false,
			"bwarn": 0
		},
		"406183827": {
			"alevel": 0,
			"bban": false,
			"bwarn": 0
		},
		"427089611": {
			"alevel": 0,
			"bban": false,
			"bwarn": 0
		},
		"449532928": {
			"alevel": 2,
			"bban": false,
			"bwarn": 0
		},
		"452181171": {
			"alevel": 0,
			"bban": false,
			"bwarn": 0
		},
		"453193293": {
			"alevel": 0,
			"bban": false,
			"bwarn": 0
		},
		"463863367": {
			"alevel": 0,
			"bban": false,
			"bwarn": 0
		},
		"465446226": {
			"alevel": 0,
			"bban": false,
			"bwarn": 0
		},
		"473820607": {
			"alevel": 0,
			"bban": false,
			"bwarn": 0
		},
		"474110858": {
			"alevel": 0,
			"bban": false,
			"bwarn": 0
		},
		"475639301": {
			"alevel": 0,
			"bban": false,
			"bwarn": 0
		},
		"477857758": {
			"alevel": 0,
			"bban": false,
			"bwarn": 0
		},
		"481912116": {
			"alevel": 0,
			"bban": false,
			"bwarn": 0
		},
		"490019170": {
			"alevel": 0,
			"bban": false,
			"bwarn": 0
		},
		"494509195": {
			"alevel": 0,
			"bban": false,
			"bwarn": 0
		},
		"499292810": {
			"alevel": 0,
			"bban": false,
			"bwarn": 0
		},
		"503598397": {
			"alevel": 0,
			"bban": false,
			"bwarn": 0
		},
		"505538966": {
			"alevel": 0,
			"bban": false,
			"bwarn": 0
		},
		"508330117": {
			"alevel": 0,
			"bban": false,
			"bwarn": 0
		},
		"508409847": {
			"alevel": 0,
			"bban": false,
			"bwarn": 0
		},
		"509481486": {
			"alevel": 0,
			"bban": false,
			"bwarn": 0
		},
		"512639274": {
			"alevel": 0,
			"bban": false,
			"bwarn": 0
		},
		"513600049": {
			"alevel": 0,
			"bban": false,
			"bwarn": 0
		},
		"517836916": {
			"alevel": 0,
			"bban": false,
			"bwarn": 0
		},
		"520951336": {
			"alevel": 0,
			"bban": false,
			"bwarn": 0
		},
		"523852670": {
			"alevel": 0,
			"bban": false,
			"bwarn": 0
		},
		"-177009299": {
			"alevel": 0,
			"bban": false,
			"bwarn": 0
		},
		"-178310412": {
			"alevel": 0,
			"bban": false,
			"bwarn": 0
		},
		"-173378800": {
			"alevel": 0,
			"bban": false,
			"bwarn": 0
		},
		"-175504606": {
			"alevel": 0,
			"bban": false,
			"bwarn": 0
		},
		"-172544710": {
			"alevel": 0,
			"bban": false,
			"bwarn": 0
		},
		"-159467567": {
			"alevel": 0,
			"bban": false,
			"bwarn": 0
		},
		"-176187130": {
			"alevel": 0,
			"bban": false,
			"bwarn": 0
		},
		"-175152914": {
			"alevel": 0,
			"bban": false,
			"bwarn": 0
		},
		"-173420949": {
			"alevel": 0,
			"bban": false,
			"bwarn": 0
		},
		"-172675409": {
			"alevel": 0,
			"bban": false,
			"bwarn": 0
		},
		"-172472531": {
			"alevel": 0,
			"bban": false,
			"bwarn": 0
		},
		"-171493284": {
			"alevel": 0,
			"bban": false,
			"bwarn": 0
		},
		"-167172513": {
			"alevel": 0,
			"bban": false,
			"bwarn": 0
		},
		"-177063894": {
			"alevel": 0,
			"bban": false,
			"bwarn": 0
		},
		"-176242801": {
			"alevel": 0,
			"bban": false,
			"bwarn": 0
		},
		"-174284975": {
			"alevel": 0,
			"bban": false,
			"bwarn": 0
		},
		"-171515162": {
			"alevel": 0,
			"bban": false,
			"bwarn": 0
		},
		"-150230369": {
			"alevel": 0,
			"bban": false,
			"bwarn": 0
		},
		"-147373851": {
			"alevel": 0,
			"bban": false,
			"bwarn": 0
		},
		"-173777047": {
			"alevel": 0,
			"bban": false,
			"bwarn": 0
		},
		"-172058080": {
			"alevel": 0,
			"bban": false,
			"bwarn": 0
		},
		"-176071154": {
			"alevel": 0,
			"bban": false,
			"bwarn": 0
		},
		"-171920808": {
			"alevel": 0,
			"bban": false,
			"bwarn": 0
		},
		"-169976358": {
			"alevel": 0,
			"bban": false,
			"bwarn": 0
		},
		"-153955265": {
			"alevel": 0,
			"bban": false,
			"bwarn": 0
		},
		"-172486014": {
			"alevel": 0,
			"bban": false,
			"bwarn": 0
		},
		"-173232532": {
			"alevel": 0,
			"bban": false,
			"bwarn": 0
		},
		"-167161858": {
			"alevel": 0,
			"bban": false,
			"bwarn": 0
		},
		"-162351637": {
			"alevel": 0,
			"bban": false,
			"bwarn": 0
		},
		"-103165481": {
			"alevel": 0,
			"bban": false,
			"bwarn": 0
		},
		"-169151978": {
			"alevel": 0,
			"bban": false,
			"bwarn": 0
		},
		"-173447827": {
			"alevel": 0,
			"bban": false,
			"bwarn": 0
		},
		"-155361332": {
			"alevel": 0,
			"bban": false,
			"bwarn": 0
		},
		"-159666458": {
			"alevel": 0,
			"bban": false,
			"bwarn": 0
		},
		"-176640007": {
			"alevel": 0,
			"bban": false,
			"bwarn": 0
		},
		"-174875944": {
			"alevel": 0,
			"bban": false,
			"bwarn": 0
		},
		"-170848413": {
			"alevel": 0,
			"bban": false,
			"bwarn": 0
		},
		"-77755920": {
			"alevel": 0,
			"bban": false,
			"bwarn": 0
		}
	}
}